{
  "// Whether to allow players to have capes. WARNING! This will toggle ALL capes!": "(default: true)",
  "allow_capes": true,
  "logging": {
    "// Whether to send (successful) command feedback for skin changes. Errors are sent regardless.": "(default: true)",
    "skin_change_feedback": true,
    "// Whether to send debug messages to console.": "(default: false)",
    "debug": false
  },
  "// Default skin for new players. Use command `/fabrictailor setDefaultSkin` to set those values.": "",
  "default_skin": {
    "// Whether to apply the default skin to ALL new players, not just those without skin.": "(default: false)",
    "apply_to_all": true,
    "value": "",
    "signature": ""
  },
  "// How quickly can player change the skin, in seconds. -1 for no limit. If using this in server environment, -1 is not recommended.": "(default in singleplayer: -1, default for server: 60)",
  "skin_change_timer": -1,
  "// Custom skin server URL.": "",
  "// If not empty, you'll get another command /skin set custom, which will use this server.": "",
  "// Available parameters: {player}. Example: https://skins.samolego.org/{player}.png. Skins returned need to be 64x64!": "",
  "custom_skin_server": "",
  "texture_allowed_domains": [
    "crafatar.com",
    "discord.com",
    "mojang.com",
    "imgur.com",
    "mc-heads.net",
    "duckduckgo.com",
    "githubusercontent.com",
    "namemc.com",
    "ely.by",
    "nocookie.net",
    "minecraft.net",
    "minecraftskins.com",
    "googleusercontent.com",
    "planetminecraft.com"
  ]
}