{
	"allowed": {
		"blocks": [
			{
				"id": "iron_bars"
			},
			{
				"id": "bamboo",
				"properties": {
					"leaves": [
						"none",
						"large"
					],
					"age": [
						"all"
					]
				}
			}
		],
		"properties": {},
		"tags": [
			{
				"id": "stairs"
			},
			{
				"id": "walls"
			},
			{
				"id": "c:glass_panes"
			},
			{
				"id": "fences"
			},
			{
				"id": "slabs",
				"properties": {
					"type": [
						"top",
						"bottom"
					]
				}
			}
		]
	},
	"forbidden": {
		"blocks": [],
		"properties": {
			"waterlogged": [
				"all"
			]
		},
		"tags": []
	},
	"whitelist": true
}